insert into pr.user (userid, name, country, region, datebirth, starttime) values
(1, 'Екатерина Тимофеева', 'Pocсия', 'Московская область', '2003-07-03 00:00:00', '2023-01-02 11:01:00'),
(2, 'Виктория Гордеева', 'Pocсия', 'Московская область', '2002-12-01 00:00:00', '2023-01-07 12:32:00'),
(3, 'Степан Дроздов', 'Pocсия', 'Ростовская область', '1999-11-08 00:00:00', '2023-01-08 15:14:00'),
(4, 'Мафтуна Бобоева', 'Таджикистан', 'Душанбе', '2005-06-01 00:00:00', '2023-01-03 14:05:00'),
(5, 'Анастасия Ежова', 'Pocсия', 'Краснодарская область', '2009-07-11 00:00:00', '2023-01-04 08:07:00'),
(6, 'Вадим Карпов', 'Pocсия', 'Москва', '1987-04-07 00:00:00', '2023-01-03 19:45:00'),
(7, 'Егор Лужков', 'Белоруссия', 'Минская область', '1995-04-19 00:00:00', '2023-01-09 21:15:00'),
(8, 'Владимир Нестеров', 'Белоруссия', 'Минская область', '2002-09-18 00:00:00', '2023-01-08 02:03:00'),
(9, 'Дарья Грищук', 'Белоруссия', 'Могилёвская область', '2000-02-10 00:00:00', '2023-01-12 08:13:00'),
(10, 'Антон Тарасов', 'Pocсия', 'Иркутская область', '1998-01-30 00:00:00', '2023-01-10 09:24:00'),
(11, 'Данил Кононенко', 'Pocсия', 'Ростовская область', '2007-04-10 00:00:00', '2023-01-09 11:25:00'),
(12, 'Бахор Алиев', 'Таджикистан', 'Душанбе', '2001-05-18 00:00:00', '2023-01-10 12:10:00'),
(13, 'Андрей Степанов', 'Белоруссия', 'Минская область', '2005-06-01 00:00:00', '2023-01-03 14:05:00');

insert into pr.genre (genreid, name) values
(1, 'популярная музыка'),
(2, 'альтернативная музыка'),
(3, 'классическая музыка'),
(4, 'рок'),
(5, 'рэп'),
(6, 'металл'),
(7, 'джаз'),
(8, 'блюз'),
(9, 'панк'),
(10, 'соул'),
(11, 'шансон'),
(12, 'хип-хоп'),
(13, 'построк'),
(14, 'прогрессивный рок'),
(15, 'стоунер-рок'),
(16, 'рок-н-ролл'),
(17, 'фолк-рок'),
(18, 'хард-рок'),
(19, 'электроника'),
(20, 'техно'),
(21, 'хаус'),
(22, 'транс'),
(23, 'брейкбит'),
(24, 'бейс'),
(25, 'дабстеп'), 
(26, 'инди'),;

insert into pr.group (groupid, name, datestart, exist) values
(1, 'Toto Cutugno', '1956-01-01 00:00:00', False),
(2, 'Adriano Celentano', '1956-01-01 00:00:00', False),
(3, 'Jawbox', '1989-01-01 00:00:00', False),
(4, 'Cursive', '1995-01-01 00:00:00', False),
(5, 'Фридерик Францишек Шопен', '1849-01-01 00:00:00', False),
(6, 'Людвиг ван Бетховен', '1785-01-01 00:00:00', False),
(7, 'Nirvana', '1987-01-01 00:00:00', False),
(8, 'Queen', '1970-01-01 00:00:00', False),
(10, 'Kanye West', '1996-01-01 00:00:00', True),
(11, 'Eminem', '1988-01-01 00:00:00', True),
(12, 'Metallica', '1981-01-01 00:00:00', False),
(13, 'Disturbed', '1994-01-01 00:00:00', True),
(14, 'Луи Дэниел Армстронг', '1914-01-01 00:00:00', False),
(15, 'Пегги Ли', '1937-01-01 00:00:00', False),
(16, 'Роберт Лерой Джонсон', '1929-01-01 00:00:00', False),
(17, 'Король и Шут', '1988-01-01 00:00:00', False),
(18, 'КняZz', '2011-01-01 00:00:00', True),
(19, 'The Beatles', '1960-01-01 00:00:00', False),
(20, 'Майкл Джексон', '1963-01-01 00:00:00', False),
(21, 'Сергей Сергеевич Прокофьев', '1900-01-01 00:00:00', False),
(22, 'Модест Петрович Мусоргский', '1897-01-01 00:00:00', False);

insert into pr.album (albumid, groupid, name, release_date, add_date) values
(1, 13, 'Immortalized', '2015-08-15 00:00:00', '2023-04-06 00:00:00'),
(2, 13, 'Asylum', '2010-08-31 00:00:00', '2023-04-06 00:00:00'),
(3, 13, 'Evolution', '2018-10-19 00:00:00', '2023-04-06 00:00:00'),
(4, 7, 'Nevermind', '1991-9-21 00:00:00', '2023-04-06 00:00:00'),
(5, 7, 'In Utero', '1993-9-13 00:00:00', '2023-04-06 00:00:00'),
(6, 7, 'In Bleach', '1989-8-15 00:00:00', '2023-04-06 00:00:00'),
(7, 19, 'Please Please Me', '1963-04-23 00:00:00', '2023-04-06 00:00:00'),
(8, 19, 'With The Beatles', '1963-10-22 00:00:00', '2023-04-06 00:00:00'),
(9, 19, 'A Hard Day’s Night', '1964-07-04 00:00:00', '2023-04-06 00:00:00'),
(10, 19, 'Help!', '1964-08-06 00:00:00', '2023-04-06 00:00:00');

insert into pr.song (songid, albumid, genreid, name, duration) values
(1, 1, 2, 'Youre Mine', 295),
(2, 1, 2, 'The Eye of the Storm', 80),
(3, 1, 2, 'Immortalized', 397),
(4, 1, 2, 'The Vengeful One', 256),
(5, 2, 2, 'Remnants', 163),
(6, 2, 2, 'Asylum', 253),
(7, 2, 2, 'The Infection', 243),
(8, 7, 16, 'Love Me Do', 134),
(9, 5, 4, 'Serve the Servants', 259),
(10, 4, 4, 'Smells Like Teen Spirit', 321),
(11, 4, 4, 'In Bloom', 277);

insert into pr.view (viewid, userid, songid, date, likes) values
(1, 1, 1, '2023-04-07 01:13:14', False),
(2, 1, 1, '2023-04-07 01:17:14', False),
(3, 1, 1, '2023-04-07 01:20:18', True),
(4, 1, 2, '2023-04-07 01:25:01', False),
(5, 1, 3, '2023-04-07 01:27:24', False),
(6, 1, 4, '2023-04-07 01:31:29', False),
(7, 2, 5, '2023-04-07 14:45:20', True),
(8, 2, 1, '2023-04-07 18:23:09', False),
(9, 2, 5, '2023-04-07 18:28:09', True),
(10, 2, 7, '2023-04-07 18:33:06', False),
(11, 1, 8, '2023-04-07 11:53:14', False),
(12, 1, 11, '2023-04-07 12:02:19', False),
(13, 1, 11, '2023-04-07 11:07:14', True);

insert into pr.performer (perfid, name, country, datebirth) values
(1, 'Дэвид Майкл Дрейман', 'США', '1973-03-13 00:00:00'),
(2, 'Дэниел Джозеф Дониган', 'США', '1968-08-01 00:00:00'),
(3, 'Джон Мойер', 'США', '1973-11-30 00:00:00'),
(4, 'Майкл Уоррен Венгрен', 'США', '1971-09-03 00:00:00'),
(5, 'Cтив Кмак', 'США', '1990-11-03 00:00:00'),
(6, 'Майкл Джозеф Джексон', 'США', '1958-08-29 00:00:00'),
(7, 'Маршалл Брюс Мэтерс III', 'США', '1972-10-17 00:00:00'),
(8, 'Джон Уинстон Оно Леннон', 'США', '1940-10-09 00:00:00'),
(9, 'Джеймс Пол Маккартни', 'США', '1942-06-18 00:00:00'),
(10, 'Джордж Харрисон', 'США', '1943-02-25 00:00:00'),
(11, 'Ричард Старки', 'США', '1940-06-09 00:00:00'),
(12, 'Сергей Сергеевич Прокофьев', 'Российская империя', '1891-04-11 00:00:00'),
(13, 'Модест Петрович Мусоргский', 'Российская империя', '1839-03-09 00:00:00'),
(14, 'Роберт Лерой Джонсон ', 'США', '1911-05-08 00:00:00'),
(15, 'Луи Дэниел Армстронг', 'США', '1901-06-04 00:00:00');

insert into pr.similar_genres (first_genre, second_genre) values (10, 26)
/* чтобы заполнить таблицу pr.similar_genres нужно запустить скрипт insert.py */

insert into pr.performer_in_group (perfid, groupid, valid_from, valid_to) values
(1, 13, '1994-01-01 00:00:00', '2025-01-01 00:00:00'),
(2, 13, '1994-01-01 00:00:00', '2025-01-01 00:00:00'),
(3, 13, '1994-01-01 00:00:00', '2025-01-01 00:00:00'),
(4, 13, '1994-01-01 00:00:00', '2025-01-01 00:00:00'),
(5, 13, '1994-01-01 00:00:00', '2025-01-01 00:00:00'),
(8, 19, '1960-01-01 00:00:00', '2025-01-01 00:00:00'),
(9, 19, '1960-01-01 00:00:00', '2025-01-01 00:00:00'),
(10, 19, '1960-01-01 00:00:00', '2025-01-01 00:00:00'),
(11, 19, '1960-01-01 00:00:00', '2025-01-01 00:00:00'),
(15, 14, '1914-01-01 00:00:00', '2025-01-01 00:00:00');
